{"cameraMode":{"drawMode":0,"name":"Shaded","section":"Shading Mode"},"sceneLighting":false,"audioPlay":false,"sceneViewState":{"showFog":true,"showMaterialUpdate":true,"showSkybox":true,"showFlares":true,"showImageEffects":true,"showParticleSystems":true},"in2DMode":false,"pivot":{"x":19.006412506103517,"y":519.34619140625,"z":-490.629638671875},"rotation":{"x":0.0003684900002554059,"y":0.9995875358581543,"z":-0.024305058643221856,"w":0.015294646844267846},"size":2.1541295051574709,"orthographic":false}