{"cameraMode":{"drawMode":0,"name":"Shaded","section":"Shading Mode"},"sceneLighting":true,"audioPlay":false,"sceneViewState":{"showFog":true,"showMaterialUpdate":true,"showSkybox":true,"showFlares":true,"showImageEffects":true,"showParticleSystems":true},"in2DMode":false,"pivot":{"x":117.17012786865235,"y":388.1137390136719,"z":100.47490692138672},"rotation":{"x":0.2169826775789261,"y":0.13276825845241548,"z":-0.029805999249219896,"w":0.9666450619697571},"size":627.9265747070313,"orthographic":false}