{"cameraMode":{"drawMode":0,"name":"Shaded","section":"Shading Mode"},"sceneLighting":true,"audioPlay":false,"sceneViewState":{"showFog":true,"showMaterialUpdate":true,"showSkybox":true,"showFlares":true,"showImageEffects":true,"showParticleSystems":true},"in2DMode":false,"pivot":{"x":-5.231853485107422,"y":2.598966598510742,"z":-4.834700107574463},"rotation":{"x":-0.0004918986232951283,"y":0.996304452419281,"z":-0.08570325374603272,"w":-0.005678191781044006},"size":6.7232465744018559,"orthographic":false}