{"cameraMode":{"drawMode":0,"name":"Shaded","section":"Shading Mode"},"sceneLighting":true,"audioPlay":false,"sceneViewState":{"showFog":true,"showMaterialUpdate":true,"showSkybox":true,"showFlares":true,"showImageEffects":true,"showParticleSystems":true},"in2DMode":false,"pivot":{"x":2.5003585815429689,"y":-1.88795804977417,"z":-5.1598076820373539},"rotation":{"x":0.0003684900002554059,"y":0.9995875358581543,"z":-0.024305058643221856,"w":0.015294646844267846},"size":2.311586380004883,"orthographic":false}